Date,value
4/1/2016,10000000
5/1/2016,10021594.41
6/1/2016,9950650.857
7/1/2016,9799509.825
8/1/2016,9679213.607
11/1/2016,9732267.072
12/1/2016,9799509.825
13/1/2016,9599014.528
14/1/2016,9667493.121
15/1/2016,9534240.577
19/1/2016,9555832.107
20/1/2016,9475633.989
21/1/2016,9454042.138
22/1/2016,9614438.056
25/1/2016,9543494.822
26/1/2016,9642507.429
27/1/2016,9543494.822
28/1/2016,9577423.958
29/1/2016,9713143.383
1/2/2016,9713143.383
2/2/2016,9602101.41
3/2/2016,9568170.994
4/2/2016,9555832.107
5/2/2016,9454042.138
8/2/2016,9407775.396
9/2/2016,9423199.884
10/2/2016,9407775.396
11/2/2016,9330662.879
12/2/2016,9417029.961
16/2/2016,9546578.503
17/2/2016,9608268.132
18/2/2016,9592845.885
19/2/2016,9605184.451
22/2/2016,9666876.321
23/2/2016,9595931.487
24/2/2016,9632944.304
25/2/2016,9669959.682
26/2/2016,9651143.593
29/2/2016,9571255.315
1/3/2016,9700805.457
2/3/2016,9706974.1
3/3/2016,9716227.064
4/3/2016,9716227.064
7/3/2016,9710059.062
8/3/2016,9660705.438
9/3/2016,9691551.533
10/3/2016,9697720.816
11/3/2016,9787170.938
14/3/2016,9784086.937
15/3/2016,9781001.655
16/3/2016,9818016.713
17/3/2016,9850402.409
18/3/2016,9836523.282
21/3/2016,9848861.528
22/3/2016,9845775.606
23/3/2016,9836813.918
24/3/2016,9830629.911
28/3/2016,9849177.77
29/3/2016,9917188.722
30/3/2016,9938829.545
31/3/2016,9892147.976
1/4/2016,9926461.852
4/4/2016,9889365.173
5/4/2016,9873908.356
6/4/2016,9926461.852
7/4/2016,9858450.9
8/4/2016,9877001.96
11/4/2016,9861541.943
12/4/2016,9914097.679
13/4/2016,9957376.125
14/4/2016,9932644.258
15/4/2016,9898640.223
18/4/2016,9941918.028
19/4/2016,9951192.438
20/4/2016,9926461.852
21/4/2016,9883181.486
22/4/2016,9870816.033
25/4/2016,9864634.267
26/4/2016,9904822.949
27/4/2016,9917188.722
28/4/2016,9839904.321
29/4/2016,9805897.084
2/5/2016,9861852.104
3/5/2016,9808988.448
4/5/2016,9779311.616
5/5/2016,9725522.6
6/5/2016,9768799.765
9/5/2016,9781166.498
10/5/2016,9827538.868
11/5/2016,9778075.455
12/5/2016,9728613.003
13/5/2016,9676368.067
16/5/2016,9761073.277
17/5/2016,9663695.015
18/5/2016,9625050.413
19/5/2016,9584863.011
20/5/2016,9669877.741
23/5/2016,9635871.145
24/5/2016,9734796.369
25/5/2016,9818263.498
26/5/2016,9804351.083
27/5/2016,9839904.321
31/5/2016,9842994.724
1/6/2016,9849177.77
2/6/2016,9870816.033
3/6/2016,9861541.943
6/6/2016,9923370.809
7/6/2016,9987673.277
8/6/2016,10028474.92
9/6/2016,10019203.71
10/6/2016,9889365.173
13/6/2016,9821355.181
14/6/2016,9799714.998
15/6/2016,9812081.411
16/6/2016,9796623.955
17/6/2016,9790441.868
20/6/2016,9870816.033
21/6/2016,9884728.448
22/6/2016,9880701.481
23/6/2016,9979215.399
24/6/2016,9703496.717
27/6/2016,9510803.127
28/6/2016,9628525.556
29/6/2016,9780327.56
30/6/2016,9857776.165
1/7/2016,9910441.369
5/7/2016,9836090.21
6/7/2016,9869238.023
7/7/2016,9876363.394
8/7/2016,10025068.27
11/7/2016,10077733.48
12/7/2016,10173771.55
13/7/2016,10179967.08
14/7/2016,10220239.31
15/7/2016,10229532.28
18/7/2016,10248430.63
19/7/2016,10207846.01
20/7/2016,10241926.86
21/7/2016,10210947.29
22/7/2016,10248123.03
25/7/2016,10241926.86
26/7/2016,10285297.17
27/7/2016,10266710.58
28/7/2016,10269809.63
29/7/2016,10279099.08
1/8/2016,10263612.82
2/8/2016,10145887.19
3/8/2016,10195147.35
4/8/2016,10208158.41
5/8/2016,10294588.87
8/8/2016,10285297.17
9/8/2016,10245025.27
10/8/2016,10210947.29
11/8/2016,10276003.88
12/8/2016,10238826.22
15/8/2016,10285609.57
16/8/2016,10241926.86
17/8/2016,10241926.86
18/8/2016,10306984.73
19/8/2016,10282199.41
22/8/2016,10263612.82
23/8/2016,10300785.68
24/8/2016,10238826.22
25/8/2016,10221789.47
26/8/2016,10198554.63
29/8/2016,10219617.07
30/8/2016,10198554.63
31/8/2016,10167570.58
1/9/2016,10189260.7
2/9/2016,10232630.05
6/9/2016,10254317.28
7/9/2016,10264230.9
8/9/2016,10255559.2
9/9/2016,10068748.42
12/9/2016,10152704.64
13/9/2016,10037461.57
14/9/2016,10031261.88
15/9/2016,10128848.2
16/9/2016,10119555.23
19/9/2016,10170054.11
20/9/2016,10145887.19
21/9/2016,10213250.61
22/9/2016,10304209.29
23/9/2016,10263231.92
26/9/2016,10166687.15
27/9/2016,10221945.03
28/9/2016,10247397.72
29/9/2016,10197417.7
30/9/2016,10262923.04
3/10/2016,10228771.76
4/10/2016,10216355.74
5/10/2016,10269128.17
6/10/2016,10247397.72
7/10/2016,10230639.77
10/10/2016,10269128.17
11/10/2016,10169790.36
12/10/2016,10157376.89
13/10/2016,10129433.63
14/10/2016,10126332.35
17/10/2016,10085975.3
18/10/2016,10169790.36
19/10/2016,10160478.18
20/10/2016,10120120.49
21/10/2016,10112359.12
24/10/2016,10157376.89
25/10/2016,10157376.89
26/10/2016,10132539.4
27/10/2016,10131299.4
28/10/2016,10079766.97
31/10/2016,10085975.3
1/11/2016,10005261.53
2/11/2016,9980428.515
3/11/2016,9909027.882
4/11/2016,9915237.495
7/11/2016,10072624.63
8/11/2016,10117017.29
9/11/2016,10313832.27
10/11/2016,10359467.8
11/11/2016,10383990.98
14/11/2016,10427453.15
15/11/2016,10442969.82
16/11/2016,10433660.84
17/11/2016,10474017.89
18/11/2016,10476810.29
21/11/2016,10526789.36
22/11/2016,10579563.07
23/11/2016,10616817.55
25/11/2016,10647855.7
28/11/2016,10588874.61
29/11/2016,10613708.91
30/11/2016,10583286.92
1/12/2016,10567147.69
2/12/2016,10602536.4
5/12/2016,10657171.08
6/12/2016,10740989.34
7/12/2016,10855850.54
8/12/2016,10893101.5
9/12/2016,10889998.94
12/12/2016,10862056.96
13/12/2016,10908620.74
14/12/2016,10827911.12
15/12/2016,10914831.95
16/12/2016,10846536.76
19/12/2016,10893101.5
20/12/2016,10950220.67
21/12/2016,10910935.58
22/12/2016,10844211.68
23/12/2016,10875390.66
27/12/2016,10928083.71
28/12/2016,10819266.32
29/12/2016,10802120.74
30/12/2016,10756907.71
3/1/2017,10806796.2
4/1/2017,10909686.61
5/1/2017,10826128.58
6/1/2017,10834855.01
9/1/2017,10778734.51
10/1/2017,10831736.76
11/1/2017,10875390.66
12/1/2017,10819266.32
13/1/2017,10853878.51
17/1/2017,10735083.16
18/1/2017,10760025.97
19/1/2017,10697666.08
20/1/2017,10725727.77
23/1/2017,10669917.11
24/1/2017,10775617.22
25/1/2017,10881625.24
26/1/2017,10874455.38
27/1/2017,10808041.64
30/1/2017,10738512.86
31/1/2017,10703900.66
1/2/2017,10728846.02
2/2/2017,10710138.76
3/2/2017,10790268.38
6/2/2017,10753789.14
7/2/2017,10750673.13
8/2/2017,10738200.45
9/2/2017,10822384.89
10/2/2017,10841094.39
13/2/2017,10906568.04
14/2/2017,10925901.71
15/2/2017,10981399.65
16/2/2017,10981399.65
17/2/2017,10993872.33
21/2/2017,11046876.82
22/2/2017,11018189.05
23/2/2017,10978281.08
24/2/2017,10987636.47
27/2/2017,11040639.68
28/2/2017,10950218.42
1/3/2017,11071819.62
2/3/2017,10987636.47
3/3/2017,10990441.36
6/3/2017,10947104.66
7/3/2017,10903452.03
8/3/2017,10884744.77
9/3/2017,10828621.71
10/3/2017,10841094.39
13/3/2017,10884432.37
14/3/2017,10819266.32
15/3/2017,10919042
16/3/2017,10893163.6
17/3/2017,10885053.65
20/3/2017,10921846.57
21/3/2017,10788087.66
22/3/2017,10803678.91
23/3/2017,10815848.79
24/3/2017,10847053.06
27/3/2017,10832074.77
28/3/2017,10853295
29/3/2017,10878257.65
30/3/2017,10872016.98
31/3/2017,10878257.65
3/4/2017,10850176.43
4/4/2017,10834570.77
5/4/2017,10815848.79
6/4/2017,10818964.8
7/4/2017,10809609.41
10/4/2017,10828328.83
11/4/2017,10853295
12/4/2017,10831761.08
13/4/2017,10759678.03
17/4/2017,10826142.98
18/4/2017,10847053.06
19/4/2017,10865777.6
20/4/2017,10950031.5
21/4/2017,10893862.02
24/4/2017,11021805.67
25/4/2017,11106058.28
26/4/2017,11065489.98
27/4/2017,11096698.09
28/4/2017,11059250.6
1/5/2017,11096070.4
2/5/2017,11068614.63
3/5/2017,11080781.95
4/5/2017,11046771.83
5/5/2017,11069236.23
8/5/2017,11053008.65
9/5/2017,11062370.45
10/5/2017,11068926.07
11/5/2017,11059250.6
12/5/2017,11081094.67
15/5/2017,11118542.16
16/5/2017,11112298.94
17/5/2017,10990598.84
18/5/2017,11021805.67
19/5/2017,11062370.45
22/5/2017,11159108.22
23/5/2017,11149744.19
24/5/2017,11185007.11
25/5/2017,11218399.47
26/5/2017,11224640.13
30/5/2017,11180951.02
31/5/2017,11202796.05
1/6/2017,11277688.79
2/6/2017,11333856.99
5/6/2017,11318257.1
6/6/2017,11274567.66
7/6/2017,11290172.36
8/6/2017,11277688.79
9/6/2017,11200928.05
12/6/2017,11218399.47
13/6/2017,11240244.83
14/6/2017,11217775.63
15/6/2017,11214344.66
16/6/2017,11227761.26
19/6/2017,11317945.65
20/6/2017,11280813.45
21/6/2017,11297662.3
22/6/2017,11302037.2
23/6/2017,11354857.33
26/6/2017,11367675.38
27/6/2017,11242651.53
28/6/2017,11358299.18
29/6/2017,11261406.48
30/6/2017,11273906.05
3/7/2017,11317666.22
5/7/2017,11323916.49
6/7/2017,11269219.71
7/7/2017,11338296.54
10/7/2017,11338296.54
11/7/2017,11320790.87
12/7/2017,11402053.27
13/7/2017,11388928.58
14/7/2017,11445814.72
17/7/2017,11464567.11
18/7/2017,11445814.72
19/7/2017,11455189.64
20/7/2017,11442688.79
21/7/2017,11424247.84
24/7/2017,11433312.59
25/7/2017,11436437.24
26/7/2017,11461441.18
27/7/2017,11430185.7
28/7/2017,11417680.05
31/7/2017,11408306.09
1/8/2017,11448004.09
2/8/2017,11427062.33
3/8/2017,11386430.33
4/8/2017,11398929.9
7/8/2017,11378613.26
8/8/2017,11386430.33
9/8/2017,11373924.68
10/8/2017,11287973.39
11/8/2017,11267655.47
14/8/2017,11361422.55
15/8/2017,11336418.62
16/8/2017,11348920.42
17/8/2017,11217646.31
18/8/2017,11198893.92
21/8/2017,11198893.92
22/8/2017,11273906.05
23/8/2017,11230150.68
24/8/2017,11195766.71
25/8/2017,11230150.68
28/8/2017,11202022.09
29/8/2017,11214520.38
30/8/2017,11286407.86
31/8/2017,11342670.16
1/9/2017,11383302.16
5/9/2017,11289536.35
6/9/2017,11314853.97
7/9/2017,11330168.03
8/9/2017,11345793.53
11/9/2017,11414557.64
12/9/2017,11458315.57
13/9/2017,11448936.81
14/9/2017,11414557.64
15/9/2017,11486446.4
18/9/2017,11502071.9
19/9/2017,11486446.4
20/9/2017,11527079.68
21/9/2017,11473247.45
22/9/2017,11501417.33
25/9/2017,11492025.45
26/9/2017,11505796.07
27/9/2017,11557748.13
28/9/2017,11543664.79
29/9/2017,11617837.98
2/10/2017,11673547.17
3/10/2017,11704840.75
4/10/2017,11726749.48
5/10/2017,11754914.88
6/10/2017,11748656.93
9/10/2017,11733010.95
10/10/2017,11770564.7
11/10/2017,11781829.71
12/10/2017,11783083.8
13/10/2017,11786213.25
16/10/2017,11789340.14
17/10/2017,11773692.88
18/10/2017,11767433.97
19/10/2017,11804989.97
20/10/2017,11861323.01
23/10/2017,11848803.91
24/10/2017,11873840.82
25/10/2017,11826899.98
26/10/2017,11808121.98
27/10/2017,11845677.98
30/10/2017,11786213.25
31/10/2017,11833155.37
1/11/2017,11845677.98
2/11/2017,11848492.47
3/11/2017,11870712.65
6/11/2017,11855062.82
7/11/2017,11836286.1
8/11/2017,11851933.37
9/11/2017,11814378.33
10/11/2017,11798731.06
13/11/2017,11783083.8
14/11/2017,11808121.98
15/11/2017,11767433.97
16/11/2017,11876972.83
17/11/2017,11864451.18
20/11/2017,11930176.42
21/11/2017,11955212.04
22/11/2017,11945824.96
24/11/2017,11958340.54
27/11/2017,11902007.5
28/11/2017,12055360.3
29/11/2017,12086655.16
30/11/2017,12158010.34
1/12/2017,12139860.98
4/12/2017,12177414.74
5/12/2017,12111695.58
6/12/2017,12092915.02
7/12/2017,12133599.51
8/12/2017,12185554.13
11/12/2017,12182110.68
12/12/2017,12177414.74
13/12/2017,12168029.9
14/12/2017,12121085.22
15/12/2017,12183674.93
18/12/2017,12308860.09
19/12/2017,12283824.15
20/12/2017,12358936.47
21/12/2017,12352671.48
22/12/2017,12347969.14
26/12/2017,12354236.68
27/12/2017,12344839.68
28/12/2017,12363634.97
29/12/2017,12307252
2/1/2018,12385561.94
3/1/2018,12416884.96
4/1/2018,12473266.65
5/1/2018,12573505.18
8/1/2018,12564109.46
9/1/2018,12607964.69
10/1/2018,12573505.18
11/1/2018,12676875.4
12/1/2018,12748920.68
16/1/2018,12720728.39
17/1/2018,12855424.19
18/1/2018,12823471.25
19/1/2018,12902406.64
22/1/2018,12968191.41
23/1/2018,12961926.43
24/1/2018,12927471.71
25/1/2018,12918072.15
26/1/2018,13068426.1
29/1/2018,12993247.85
30/1/2018,12842893.9
31/1/2018,12777112.64
1/2/2018,12736391.66
2/2/2018,12529653.47
5/2/2018,12188219.47
6/2/2018,12343275.76
7/2/2018,12329176.41
8/2/2018,12000276.23
9/2/2018,12109909.2
12/2/2018,12200748.48
13/2/2018,12222674.18
14/2/2018,12382428.97
15/2/2018,12454472.65
16/2/2018,12479534.2
20/2/2018,12438811.94
21/2/2018,12422524.83
22/2/2018,12379296.96
23/2/2018,12463870.93
26/2/2018,12598565.45
27/2/2018,12473266.65
28/2/2018,12366765.7
1/3/2018,12275926.74
2/3/2018,12326046.96
5/3/2018,12410620.94
6/3/2018,12476403.47
7/3/2018,12479534.2
8/3/2018,12517122.21
9/3/2018,12658080.44
12/3/2018,12673745.95
13/3/2018,12651815.13
14/3/2018,12586036.44
15/3/2018,12554712.46
16/3/2018,12567241.15
19/3/2018,12463870.93
20/3/2018,12454472.65
21/3/2018,12482978.62
22/3/2018,12212580.04
23/3/2018,11998642.53
26/3/2018,12205678.72
27/3/2018,12077690.27
28/3/2018,12073927.05
29/3/2018,12204421.12
2/4/2018,11961001.07
3/4/2018,12089614.65
4/4/2018,12183718.78
5/4/2018,12230773.24
6/4/2018,12065459.25
9/4/2018,12070792.79
10/4/2018,12218224.7
11/4/2018,12158623.3
12/4/2018,12199404.13
13/4/2018,12191246.49
16/4/2018,12280961.97
17/4/2018,12343703.07
18/4/2018,12312331.4
19/4/2018,12237045.59
20/4/2018,12137294.23
23/4/2018,12158623.3
24/4/2018,12067653.42
25/4/2018,12110314.74
26/4/2018,12199404.13
27/4/2018,12177445.15
30/4/2018,12108432.98
1/5/2018,12124119.61
2/5/2018,12045696.99
3/5/2018,12039423.36
4/5/2018,12117845.98
7/5/2018,12099964.21
8/5/2018,12099022.85
9/5/2018,12180580.68
10/5/2018,12258691.86
11/5/2018,12259006.82
14/5/2018,12296648.6
15/5/2018,12259631.94
16/5/2018,12302922.23
17/5/2018,12352172.15
18/5/2018,12274690.9
21/5/2018,12328017.71
22/5/2018,12315465.65
23/5/2018,12318605.03
24/5/2018,12287234.31
25/5/2018,12262141.39
29/5/2018,12240182.41
30/5/2018,12359385.86
31/5/2018,12328017.71
1/6/2018,12384480.06
4/6/2018,12431535.81
5/6/2018,12475449.94
6/6/2018,12491134.02
7/6/2018,12484860.39
8/6/2018,12484860.39
11/6/2018,12500546.7
12/6/2018,12538187.2
13/6/2018,12453493.52
14/6/2018,12487684.48
15/6/2018,12465413.09
18/6/2018,12484860.39
19/6/2018,12450357.98
20/6/2018,12494274.35
21/6/2018,12423229.33
22/6/2018,12426370.95
25/6/2018,12278626.32
26/6/2018,12315720.76
27/6/2018,12222042.98
28/6/2018,12222042.98
29/6/2018,12247190.95
2/7/2018,12244047.09
3/7/2018,12218898.8
5/7/2018,12322635.51
6/7/2018,12379222.38
9/7/2018,12445235.69
10/7/2018,12470378.86
11/7/2018,12398082.32
12/7/2018,12451521.48
13/7/2018,12482954.29
16/7/2018,12470378.86
17/7/2018,12511249
18/7/2018,12574118.14
19/7/2018,12562802.88
20/7/2018,12555258.2
23/7/2018,12548968.88
24/7/2018,12520678.97
25/7/2018,12596123.22
26/7/2018,12542681.81
27/7/2018,12442090.23
30/7/2018,12391793
31/7/2018,12467237.25
1/8/2018,12442090.23
2/8/2018,12497102.29
3/8/2018,12536394.74
6/8/2018,12567831.07
7/8/2018,12624413.13
8/8/2018,12630702.76
9/8/2018,12596123.22
10/8/2018,12552114.02
13/8/2018,12495530.68
14/8/2018,12569087.39
15/8/2018,12492385.54
16/8/2018,12558401.09
17/8/2018,12589521.18
20/8/2018,12618126.05
21/8/2018,12690428.68
22/8/2018,12677854.85
23/8/2018,12687285.78
24/8/2018,12715578.26
27/8/2018,12775301.93
28/8/2018,12775301.93
29/8/2018,12825600.76
30/8/2018,12772161.6
31/8/2018,12778448.67
4/9/2018,12786307.03
5/9/2018,12794166.68
6/9/2018,12740723.99
7/9/2018,12737582.05
10/9/2018,12765875.81
11/9/2018,12779390.04
12/9/2018,12752985.42
13/9/2018,12769961.35
14/9/2018,12773737.69
17/9/2018,12717064.08
18/9/2018,12786335.2
19/9/2018,12748549.38
20/9/2018,12795777.33
21/9/2018,12819391.79
24/9/2018,12767439.73
25/9/2018,12742253.67
26/9/2018,12742253.67
27/9/2018,12757996.32
28/9/2018,12748549.38
1/10/2018,12726508.78
2/10/2018,12739104.69
3/10/2018,12742253.67
4/10/2018,12677708.26
5/10/2018,12578528.56
8/10/2018,12593326.01
9/10/2018,12569079.07
10/10/2018,12310900.3
11/10/2018,12125132.99
12/10/2018,12206995.23
15/10/2018,12205106.09
16/10/2018,12345533.3
17/10/2018,12301452.09
18/10/2018,12232186.09
19/10/2018,12191252.58
22/10/2018,12181491.64
23/10/2018,12126708.12
24/10/2018,11888991.32
25/10/2018,12032251.26
26/10/2018,11936219.27
29/10/2018,11873247.38
30/10/2018,12078847.69
31/10/2018,12116632.23
1/11/2018,12181807.88
2/11/2018,12099945.65
5/11/2018,12172363.19
6/11/2018,12219591.14
7/11/2018,12353405.11
8/11/2018,12342384.33
9/11/2018,12266819.09
12/11/2018,12195662.68
13/11/2018,12144025.9
14/11/2018,12090497.43
15/11/2018,12140876.93
16/11/2018,12162917.53
19/11/2018,12046420.06
20/11/2018,11911030.64
21/11/2018,11951017.99
23/11/2018,11857507.29
26/11/2018,11943459.87
27/11/2018,11970854.51
28/11/2018,12156618.3
29/11/2018,12150323.86
30/11/2018,12213294.46
3/12/2018,12276263.46
4/12/2018,12093647.69
6/12/2018,12043271.08
7/12/2018,11961408.85
10/12/2018,11951961.92
11/12/2018,11945664.92
12/12/2018,12001078.68
13/12/2018,12006432.71
14/12/2018,11888991.32
17/12/2018,11728412.63
18/12/2018,11784003.08
19/12/2018,11690514.46
20/12/2018,11613448.68
21/12/2018,11487113.13
24/12/2018,11319717.32
26/12/2018,11602079.64
27/12/2018,11629239.98
28/12/2018,11657665.29
31/12/2018,11714516.22
2/1/2019,11698723.32
3/1/2019,11585023.05
4/1/2019,11780844.49
7/1/2019,11774526.69
8/1/2019,11875594.23
9/1/2019,11891388.1
10/1/2019,11907179.72
11/1/2019,11891388.1
14/1/2019,11872436.61
15/1/2019,11953290.26
16/1/2019,11970347.82
17/1/2019,12001932.02
18/1/2019,12046147.67
22/1/2019,11938763.93
23/1/2019,11945081.41
24/1/2019,11954553.95
25/1/2019,11992455.64
28/1/2019,11942553.71
29/1/2019,11945081.41
30/1/2019,12033516.23
31/1/2019,12090365.56
1/2/2019,12103002.12
4/2/2019,12121951.05
5/2/2019,12191435.66
6/2/2019,12172486.74
7/2/2019,12121951.05
8/2/2019,12109318.33
11/2/2019,12107738.39
12/2/2019,12207228.25
13/2/2019,12213544.77
14/2/2019,12214493.49
15/2/2019,12260921.56
19/2/2019,12257762.66
20/2/2019,12251446.46
21/2/2019,12251446.46
22/2/2019,12286187.96
25/2/2019,12294084.41
26/2/2019,12292504.48
27/2/2019,12305138.17
28/2/2019,12273554.28
1/3/2019,12260921.56
4/3/2019,12251446.46
5/3/2019,12241971.35
6/3/2019,12204068.39
7/3/2019,12172486.74
8/3/2019,12181960.56
11/3/2019,12276712.86
12/3/2019,12286187.96
13/3/2019,12337669.82
14/3/2019,12331036.1
15/3/2019,12355673.86
18/3/2019,12396731.89
19/3/2019,12374622.78
20/3/2019,12361989.1
21/3/2019,12411038.64
22/3/2019,12290159.88
25/3/2019,12334460.03
26/3/2019,12353446.72
27/3/2019,12353446.72
28/3/2019,12362939.11
29/3/2019,12407238.94
1/4/2019,12467361.76
2/4/2019,12486347.49
3/4/2019,12512292.79
4/4/2019,12530648.6
5/4/2019,12562291.39
8/4/2019,12590769.19
9/4/2019,12524318.64
10/4/2019,12543303.09
11/4/2019,12549634.34
12/4/2019,12559126.4
15/4/2019,12568619.75
16/4/2019,12533813.59
17/4/2019,12502168.24
18/4/2019,12473689.16
22/4/2019,12489512.47
23/4/2019,12555962.7
24/4/2019,12534761.03
25/4/2019,12536974.73
26/4/2019,12609753.64
29/4/2019,12593934.17
30/4/2019,12612919.58
1/5/2019,12590769.19
2/5/2019,12606591.22
3/5/2019,12650889.77
6/5/2019,12641398.66
7/5/2019,12511661.59
8/5/2019,12517991.55
9/5/2019,12533496.06
10/5/2019,12552795.48
13/5/2019,12397745.27
14/5/2019,12435716.74
15/5/2019,12467361.76
16/5/2019,12565455.09
17/5/2019,12476855.43
20/5/2019,12432554.31
21/5/2019,12486347.49
22/5/2019,12476855.43
23/5/2019,12350281.74
24/5/2019,12362939.11
28/5/2019,12296488.56
29/5/2019,12280667.81
30/5/2019,12261682.08
31/5/2019,12188903.16
3/6/2019,12182573.52
4/6/2019,12355029.21
5/6/2019,12400910.25
6/6/2019,12445210.08
7/6/2019,12536974.73
10/6/2019,12593934.17
11/6/2019,12574947.15
12/6/2019,12552795.48
13/6/2019,12597098.83
14/6/2019,12579014.45
17/6/2019,12542524.33
18/6/2019,12656748.25
19/6/2019,12707515.68
20/6/2019,12761455.46
21/6/2019,12732897
24/6/2019,12758280.87
25/6/2019,12678959.78
26/6/2019,12672612.85
27/6/2019,12739246.49
28/6/2019,12767802.39
1/7/2019,12872504.79
2/7/2019,12888370.99
3/7/2019,12955002.07
5/7/2019,12923273.82
8/7/2019,12885198.65
9/7/2019,12897889.95
10/7/2019,12935965.12
11/7/2019,12957860.41
12/7/2019,13004817.25
15/7/2019,12977213.6
16/7/2019,12999422.57
17/7/2019,12958175.37
18/7/2019,12974039.97
19/7/2019,12935965.12
22/7/2019,12977213.6
23/7/2019,12999422.57
24/7/2019,13040671.05
25/7/2019,13021633.14
26/7/2019,13066054.92
29/7/2019,13062881.62
30/7/2019,13056538.21
31/7/2019,12974039.97
1/8/2019,12939136.19
2/8/2019,12878851.72
5/8/2019,12640883.33
6/8/2019,12761455.46
7/8/2019,12751936.5
8/8/2019,12894082.88
9/8/2019,12853468.17
12/8/2019,12750351.77
13/8/2019,12888370.99
14/8/2019,12685304.15
15/8/2019,12717034.95
16/8/2019,12799530.63
19/8/2019,12882024.07
20/8/2019,12828087.81
21/8/2019,12888370.99
22/8/2019,12862988.4
23/8/2019,12707515.68
26/8/2019,12774145.79
27/8/2019,12780492.4
28/8/2019,12790011.68
29/8/2019,12872504.79
30/8/2019,12859814.77
3/9/2019,12837604.52
4/9/2019,12932790.54
5/9/2019,12980385.62
6/9/2019,12989903.62
9/9/2019,12959126.66
10/9/2019,12910579.97
11/9/2019,12960396.43
12/9/2019,13015287.49
13/9/2019,13050189.04
16/9/2019,13034326.68
17/9/2019,13081919.85
18/9/2019,13085094.43
19/9/2019,13088265.49
20/9/2019,13094611.14
23/9/2019,13050189.04
24/9/2019,13005769.5
25/9/2019,13049053.39
26/9/2019,13042688.21
27/9/2019,12979032.95
30/9/2019,13049053.39
1/10/2019,12991765.54
2/10/2019,12851726.91
3/10/2019,12886737.29
4/10/2019,13001311.7
7/10/2019,12975851.97
8/10/2019,12886737.29
9/10/2019,12921745.11
10/10/2019,12947208.04
11/10/2019,12996857.42
14/10/2019,12993357.95
15/10/2019,13071332.13
16/10/2019,13080880.54
17/10/2019,13129894.87
18/10/2019,13115889.63
21/10/2019,13134986.43
22/10/2019,13157265.18
23/10/2019,13141033.13
24/10/2019,13208187.86
25/10/2019,13205007.19
28/10/2019,13198640.73
29/10/2019,13246380.18
30/10/2019,13287755.73
31/10/2019,13271843.44
1/11/2019,13332314.51
4/11/2019,13284573.78
5/11/2019,13278208.61
6/11/2019,13290937.68
7/11/2019,13255609.78
8/11/2019,13284573.78
11/11/2019,13283937.46
12/11/2019,13294122.18
13/11/2019,13297302.85
14/11/2019,13294122.18
15/11/2019,13351410.03
18/11/2019,13360958.43
19/11/2019,13380053.95
20/11/2019,13357775.2
21/11/2019,13335496.46
22/11/2019,13330086.09
25/11/2019,13395013.68
26/11/2019,13443709.21
27/11/2019,13462487.21
29/11/2019,13462802.49
2/12/2019,13392786.54
3/12/2019,13348226.8
4/12/2019,13399150.44
5/12/2019,13430977.59
6/12/2019,13472354.42
9/12/2019,13456438.28
10/12/2019,13452301.53
11/12/2019,13481901.54
12/12/2019,13522957.01
13/12/2019,13547809.86
16/12/2019,13584131.62
17/12/2019,13592417.29
18/12/2019,13566926.19
19/12/2019,13566926.19
20/12/2019,13601974.34
23/12/2019,13627464.16
24/12/2019,13621092.9
26/12/2019,13684817.94
27/12/2019,13665699.38
30/12/2019,13614720.37
31/12/2019,13608346.87
2/1/2020,13665699.38
3/1/2020,13620454.34
6/1/2020,13656140.09
7/1/2020,13643396.3
8/1/2020,13675257.38
9/1/2020,13745353.67
10/1/2020,13751727.49
13/1/2020,13796333.96
14/1/2020,13796333.96
15/1/2020,13815452.53
16/1/2020,13860059
17/1/2020,13895107.14
21/1/2020,13895107.14
22/1/2020,13942899.08
23/1/2020,13946087.11
24/1/2020,13879176.29
27/1/2020,13732609.88
28/1/2020,13853685.18
29/1/2020,13831383.39
30/1/2020,13847313.93
31/1/2020,13697561.73
3/2/2020,13729424.41
4/2/2020,13777217.63
5/2/2020,13949272.9
6/2/2020,13984321.05
7/2/2020,13898292.61
10/2/2020,13949272.9
11/2/2020,14032114.26
12/2/2020,14035301.01
13/2/2020,14044860.3
14/2/2020,14054418.62
18/2/2020,14044860.3
19/2/2020,14097750.2
20/2/2020,14035301.01
21/2/2020,13968390.19
24/2/2020,13691189.2
25/2/2020,13379576.39
26/2/2020,13327961.38
27/2/2020,13012525.49
28/2/2020,12789488.98
2/3/2020,13254675.77
3/3/2020,13088995.6
4/3/2020,13394870.92
5/3/2020,13181392.73
6/3/2020,13018896.75
9/3/2020,12408417.16
10/3/2020,12697087.05
11/3/2020,12375280.87
12/3/2020,11709359.68
13/3/2020,12149058.89
16/3/2020,11285592.29
17/3/2020,11695022.51
18/3/2020,11349316.05
19/3/2020,11518188.09
20/3/2020,11374807.47
23/3/2020,11202750.92
24/3/2020,11448090.51
25/3/2020,11655195.21
26/3/2020,11915190.76
27/3/2020,11845007.73
30/3/2020,11994944.29
31/3/2020,11953473.35
1/4/2020,11682310.41
2/4/2020,11800346.52
3/4/2020,11704640.37
6/4/2020,12019189.95
7/4/2020,11998135.84
8/4/2020,12152538.84
9/4/2020,12339480.85
13/4/2020,12275677.39
14/4/2020,12412854.16
15/4/2020,12336288.98
16/4/2020,12403283.99
17/4/2020,12527698.4
20/4/2020,12524508.13
21/4/2020,12409663.89
22/4/2020,12498987.58
23/4/2020,12575550.19
24/4/2020,12639353.65
27/4/2020,12725488.03
28/4/2020,12714641.69
29/4/2020,12797585.48
30/4/2020,12671256.34
1/5/2020,12658495.58
4/5/2020,12672849.71
5/5/2020,12741439.38
6/5/2020,12658495.58
7/5/2020,12738248.79
8/5/2020,12818322.07
11/5/2020,12849265.15
12/5/2020,12708260.51
13/5/2020,12601072.02
14/5/2020,12709537.65
15/5/2020,12789609.97
18/5/2020,12897756.79
19/5/2020,12926148.17
20/5/2020,12964748.28
21/5/2020,12951987.2
22/5/2020,12942736.8
26/5/2020,12955179.07
27/5/2020,13105116.59
28/5/2020,13079593.8
29/5/2020,13105116.59
1/6/2020,13095545.15
2/6/2020,13111495.21
3/6/2020,13149777.8
4/6/2020,13105116.59
5/6/2020,13274829.81
8/6/2020,13341186.25
9/6/2020,13299713.08
10/6/2020,13264623.32
11/6/2020,12728678.62
12/6/2020,12776530.41
15/6/2020,12939228.69
16/6/2020,13063643.42
17/6/2020,13041312.17
18/6/2020,13070023.31
19/6/2020,13063643.42
22/6/2020,13117876.39
23/6/2020,13133826.45
24/6/2020,12910516.59
25/6/2020,12999840.28
26/6/2020,12830764.35
29/6/2020,12916897.45
30/6/2020,13079593.8
1/7/2020,13070023.31
2/7/2020,13041312.17
6/7/2020,13200820.18
7/7/2020,13130635.86
8/7/2020,13223151.42
9/7/2020,13159347
10/7/2020,13277381.83
13/7/2020,13140206.35
14/7/2020,13325236.19
15/7/2020,13392228.64
16/7/2020,13420939.78
17/7/2020,13423491.48
20/7/2020,13523024.22
21/7/2020,13554925.95
22/7/2020,13628299.58
23/7/2020,13545354.18
24/7/2020,13510263.47
27/7/2020,13605968.33
28/7/2020,13513455.34
29/7/2020,13663390.3
30/7/2020,13577257.19
31/7/2020,13727193.43
3/8/2020,13816518.4
4/8/2020,13843634.89
5/8/2020,13912221.99
6/8/2020,13915411.3
7/8/2020,13899461.24
10/8/2020,13921791.2
11/8/2020,13755904.57
12/8/2020,13893080.06
13/8/2020,13885105.83
14/8/2020,13873940.68
17/8/2020,13970601.64
18/8/2020,13972834.86
19/8/2020,13909031.72
20/8/2020,13956884.48
21/8/2020,13960072.83
24/8/2020,14011114.89
25/8/2020,14039827.31
26/8/2020,14095334.85
27/8/2020,14068538.45
28/8/2020,14092465.63
31/8/2020,14170622.89
1/9/2020,14282279.11
2/9/2020,14349271.87
3/9/2020,13899461.24
4/9/2020,13749524.68
8/9/2020,13417749.19
9/9/2020,13688912.13
10/9/2020,13526214.81
11/9/2020,13475172.43
14/9/2020,13567685.43
15/9/2020,13567685.43
16/9/2020,13462411.67
17/9/2020,13414559.88
18/9/2020,13395417.95
21/9/2020,13382658.15
22/9/2020,13471982.16
23/9/2020,13280573.7
24/9/2020,13309618.05
25/9/2020,13453248.01
28/9/2020,13536232.13
29/9/2020,13526658.13
30/9/2020,13585704.19
1/10/2020,13698692.59
2/10/2020,13586023.95
5/10/2020,13823490.46
6/10/2020,13679862.1
7/10/2020,13822533.41
8/10/2020,13836257.61
9/10/2020,13938393.59
12/10/2020,14126706.52
13/10/2020,14097980.98
14/10/2020,14027763.69
15/10/2020,14043722.4
16/10/2020,14011165.14
19/10/2020,13862430.17
20/10/2020,13877750.31
21/10/2020,13810723.62
22/10/2020,13804340.2
23/10/2020,13797956.46
26/10/2020,13695820.8
27/10/2020,13775614.34
28/10/2020,13469525.2
29/10/2020,13504316
30/10/2020,13328768.63
2/11/2020,13453248.01
3/11/2020,13619217.54
4/11/2020,14011804.99
5/11/2020,14091598.52
6/11/2020,14069256.4
9/11/2020,13577726.12
10/11/2020,13539424
11/11/2020,13753272.21
12/11/2020,13725183.63
13/11/2020,13762847.5
16/11/2020,13802105.7
17/11/2020,13769230.92
18/11/2020,13620176.19
19/11/2020,13626878.09
20/11/2020,13598472.31
23/11/2020,13641560.94
24/11/2020,13670286.81
25/11/2020,13622410.37
27/11/2020,13711459.43
30/11/2020,13673478.36
1/12/2020,13740505.05
2/12/2020,13692628.93
3/12/2020,13683053.64
4/12/2020,13737631.99
7/12/2020,13746888.79
8/12/2020,13778806.21
9/12/2020,13769230.92
10/12/2020,13788381.49
11/12/2020,13778806.21
14/12/2020,13705394.81
15/12/2020,13871366.9
16/12/2020,13858599.74
17/12/2020,13992653.13
18/12/2020,14013399.64
21/12/2020,13999037.83
22/12/2020,14046912.99
23/12/2020,14069256.4
24/12/2020,14055491.86
28/12/2020,13984433.4
29/12/2020,13934500.74
30/12/2020,13952425.4