Date,SP500
4/1/2016,9987253.47
5/1/2016,10004145.76
6/1/2016,9877952.28
7/1/2016,9640966.47
8/1/2016,9535140.05
11/1/2016,9544581.01
12/1/2016,9621589.53
13/1/2016,9381620.63
14/1/2016,9535635.14
15/1/2016,9330943.71
19/1/2016,9343363.47
20/1/2016,9223627.85
21/1/2016,9275299.12
22/1/2016,9465583.74
25/1/2016,9322497.92
26/1/2016,9449684.15
27/1/2016,9346841.65
28/1/2016,9395530.7
29/1/2016,9624570.91
1/2/2016,9621091.91
2/2/2016,9447698.76
3/2/2016,9504335.98
4/2/2016,9519242.11
5/2/2016,9337899.95
8/2/2016,9212200.73
9/2/2016,9212696.64
10/2/2016,9204750.17
11/2/2016,9085012.85
12/2/2016,9272317.73
16/2/2016,9428818.6
17/2/2016,9582836.46
18/2/2016,9543585.78
19/2/2016,9539116.66
22/2/2016,9677232.35
23/2/2016,9555012.08
24/2/2016,9598734.4
25/2/2016,9714991.9
26/2/2016,9692635.27
29/2/2016,9616619.39
1/3/2016,9842679.04
2/3/2016,9886893.92
3/3/2016,9925647.81
4/3/2016,9957941.36
7/3/2016,9965892.01
8/3/2016,9857085.02
9/3/2016,9905775.78
10/3/2016,9913724.78
11/3/2016,10073702.89
14/3/2016,10060785.51
15/3/2016,10044389.96
16/3/2016,10102518.27
17/3/2016,10166609.41
18/3/2016,10206561.21
21/3/2016,10221045.1
22/3/2016,10215548.91
23/3/2016,10148133.81
24/3/2016,10143638.67
28/3/2016,10149629.94
29/3/2016,10243516.53
30/3/2016,10288462.73
31/3/2016,10263493.31
1/4/2016,10333405.58
4/4/2016,10299946.01
5/4/2016,10197073.37
6/4/2016,10308436.98
7/4/2016,10185086.65
8/4/2016,10212552.48
11/4/2016,10188584.05
12/4/2016,10283467.5
13/4/2016,10387339.55
14/4/2016,10387839.68
15/4/2016,10376353.05
18/4/2016,10449265.22
19/4/2016,10482223.83
20/4/2016,10492211.81
21/4/2016,10435783.2
22/4/2016,10435783.2
25/4/2016,10417802.68
26/4/2016,10433285.97
27/4/2016,10454758.88
28/4/2016,10359872.89
29/4/2016,10303941.84
2/5/2016,10385842.59
3/5/2016,10295452.57
4/5/2016,10238021.22
5/5/2016,10236026.6
6/5/2016,10273480.4
9/5/2016,10281968.85
10/5/2016,10409814.32
11/5/2016,10312431.99
12/5/2016,10315428.47
13/5/2016,10225536.89
16/5/2016,10326416.62
17/5/2016,10230034.5
18/5/2016,10233027.64
19/5/2016,10197570.1
20/5/2016,10261993.77
23/5/2016,10248010.84
24/5/2016,10380847.31
25/5/2016,10451261.43
26/5/2016,10454258.74
27/5/2016,10499205.77
31/5/2016,10479229.04
1/6/2016,10500704.42
2/6/2016,10532662.87
3/6/2016,10501202.86
6/6/2016,10554637.56
7/6/2016,10571116.01
8/6/2016,10605575.04
9/6/2016,10591091.97
10/6/2016,10490716.5
13/6/2016,10409814.32
14/6/2016,10389339.16
15/6/2016,10374856.1
16/6/2016,10405816.79
17/6/2016,10367065.43
20/6/2016,10433829.64
21/6/2016,10463448.37
22/6/2016,10446380.12
23/6/2016,10582417.53
24/6/2016,10202413.75
27/6/2016,10019688.56
28/6/2016,10200406.61
29/6/2016,10374092.93
30/6/2016,10515651.61
1/7/2016,10537741.87
5/7/2016,10461938.84
6/7/2016,10524689.6
7/7/2016,10518162.23
8/7/2016,10674783.66
11/7/2016,10712433.46
12/7/2016,10790239.45
13/7/2016,10788734.1
14/7/2016,10848972.65
15/7/2016,10834416.68
18/7/2016,10863530.27
19/7/2016,10852487.66
20/7/2016,10897665.87
21/7/2016,10856505.29
22/7/2016,10905196.04
25/7/2016,10875578.96
26/7/2016,10880599.33
27/7/2016,10869053.24
28/7/2016,10881601.25
29/7/2016,10899171.23
1/8/2016,10890135.76
2/8/2016,10820360.84
3/8/2016,10851984.18
4/8/2016,10863530.27
5/8/2016,10952383.09
8/8/2016,10945857.37
9/8/2016,10952383.09
10/8/2016,10925275.81
11/8/2016,10975977.05
12/8/2016,10966438.1
15/8/2016,10998065.61
16/8/2016,10941340.49
17/8/2016,10961921.17
18/8/2016,10986518.7
19/8/2016,10970456.55
22/8/2016,10969952.24
23/8/2016,10992039.2
24/8/2016,10935818.33
25/8/2016,10928288.17
26/8/2016,10907706.61
29/8/2016,10961419.38
30/8/2016,10943347.62
31/8/2016,10912225.19
1/9/2016,10912726.16
2/9/2016,10961921.17
6/9/2016,10995052.43
7/9/2016,10994047.99
8/9/2016,10968948.67
9/9/2016,10706409.52
12/9/2016,10860015.25
13/9/2016,10703896.43
14/9/2016,10699882.98
15/9/2016,10806804.27
16/9/2016,10765031.27
19/9/2016,10767049.28
20/9/2016,10767555.29
21/9/2016,10888640.45
22/9/2016,10957255.17
23/9/2016,10897218.55
26/9/2016,10808926.14
27/9/2016,10876027.17
28/9/2016,10930010.48
29/9/2016,10831124.5
30/9/2016,10912856.82
3/10/2016,10886620.74
4/10/2016,10831124.5
5/10/2016,10879053.79
6/10/2016,10886620.74
7/10/2016,10849287.61
10/10/2016,10905794.12
11/10/2016,10768059.55
12/10/2016,10782186.64
13/10/2016,10746869.81
14/10/2016,10752420.45
17/10/2016,10715083.97
18/10/2016,10782186.64
19/10/2016,10810944.21
20/10/2016,10790763.86
21/10/2016,10795807.72
24/10/2016,10841720.6
25/10/2016,10805391.86
26/10/2016,10783699.51
27/10/2016,10754941.95
28/10/2016,10723156.93
31/10/2016,10723661.24
1/11/2016,10645964.12
2/11/2016,10581889.77
3/11/2016,10533455.35
4/11/2016,10521849.8
7/11/2016,10753931.68
8/11/2016,10802366.11
9/11/2016,10916894.59
10/11/2016,10944137.58
11/11/2016,10918910.89
14/11/2016,10927489.87
15/11/2016,11012753.12
16/11/2016,10992066.82
17/11/2016,11048575.03
18/11/2016,11023852.71
21/11/2016,11107098.78
22/11/2016,11128796.18
23/11/2016,11134847.73
25/11/2016,11176218.64
28/11/2016,11123749.84
29/11/2016,11145445.53
30/11/2016,11118705.15
1/12/2016,11077837.73
2/12/2016,11083385.03
5/12/2016,11149983.39
6/12/2016,11185300.99
7/12/2016,11331612.01
8/12/2016,11359360.96
9/12/2016,11427974.86
12/12/2016,11414858.91
13/12/2016,11491041.46
14/12/2016,11396192.31
15/12/2016,11443111.34
16/12/2016,11420731.21
19/12/2016,11445598.46
20/12/2016,11489752.19
21/12/2016,11457780.35
22/12/2016,11437984.57
23/12/2016,11454735.33
27/12/2016,11483154.44
28/12/2016,11388251.71
29/12/2016,11385714.3
30/12/2016,11344099.63
3/1/2017,11430882.51
4/1/2017,11498889.06
5/1/2017,11489752.19
6/1/2017,11530858.37
9/1/2017,11492797.26
10/1/2017,11492797.26
11/1/2017,11525277.58
12/1/2017,11496347.47
13/1/2017,11522740.99
17/1/2017,11482139.18
18/1/2017,11507513.21
19/1/2017,11464884.93
20/1/2017,11507007.26
23/1/2017,11477064.35
24/1/2017,11550651.67
25/1/2017,11650627.53
26/1/2017,11638449.82
27/1/2017,11620177.79
30/1/2017,11548113.44
31/1/2017,11547098.12
1/2/2017,11551666.94
2/2/2017,11559279.18
3/2/2017,11638955.78
6/2/2017,11618147.21
7/2/2017,11618655.69
8/2/2017,11633881
9/2/2017,11702901.16
10/2/2017,11749082.11
13/2/2017,11813029.14
14/2/2017,11860225.41
15/2/2017,11922138.51
16/2/2017,11911989.73
17/2/2017,11930767.72
21/2/2017,12001817.63
22/2/2017,11991158.67
23/2/2017,11999277.69
24/2/2017,12014503.83
27/2/2017,12033281.82
28/2/2017,12000803.14
1/3/2017,12168784.71
2/3/2017,12092152.37
3/3/2017,12099764.56
6/3/2017,12063732.38
7/3/2017,12027700.21
8/3/2017,12005369.49
9/3/2017,12020593.1
10/3/2017,12062717.06
13/3/2017,12068807.21
14/3/2017,12022624.55
15/3/2017,12126662.45
16/3/2017,12102808.81
17/3/2017,12081553.68
20/3/2017,12068302.9
21/3/2017,11913350.15
22/3/2017,11941385.62
23/3/2017,11928641.62
24/3/2017,11919976.39
27/3/2017,11907744.22
28/3/2017,11994395.56
29/3/2017,12005609.07
30/3/2017,12043836.03
31/3/2017,12015803.09
3/4/2017,11994904.87
4/4/2017,12002550.6
5/4/2017,11966871.1
6/4/2017,12000511.62
7/4/2017,11988278.63
10/4/2017,11995412.53
11/4/2017,11981142.25
12/4/2017,11928641.62
13/4/2017,11851166.5
17/4/2017,11956166.9
18/4/2017,11920485.7
19/4/2017,11898569.69
20/4/2017,11995412.53
21/4/2017,11957185.57
24/4/2017,12088690.94
25/4/2017,12159028.85
26/4/2017,12151384.77
27/4/2017,12161577.14
28/4/2017,12135072.16
1/5/2017,12165655.09
2/5/2017,12170243.18
3/5/2017,12155461.9
4/5/2017,12169733
5/5/2017,12217646.37
8/5/2017,12215606.57
9/5/2017,12204393.89
10/5/2017,12226310.77
11/5/2017,12201334.59
12/5/2017,12180948.21
15/5/2017,12248229.3
16/5/2017,12237014.09
17/5/2017,12019881.05
18/5/2017,12068302.9
19/5/2017,12146796.68
22/5/2017,12208470.14
23/5/2017,12235486.12
24/5/2017,12264028.42
25/5/2017,12322643.42
26/5/2017,12320096.84
30/5/2017,12309392.64
31/5/2017,12306334.99
1/6/2017,12404196.49
2/6/2017,12445485.32
5/6/2017,12436310.74
6/6/2017,12396552.46
7/6/2017,12419490.48
8/6/2017,12425605.71
9/6/2017,12406748.18
12/6/2017,12404196.49
13/6/2017,12464853.87
14/6/2017,12449053.1
15/6/2017,12425096.41
16/6/2017,12427811.42
19/6/2017,12531272.98
20/6/2017,12446760.26
21/6/2017,12443687.57
22/6/2017,12438054.03
23/6/2017,12452909.86
26/6/2017,12461102.62
27/6/2017,12360714.63
28/6/2017,12471346.92
29/6/2017,12361737.47
30/6/2017,12384786.06
3/7/2017,12405788.14
5/7/2017,12434469.45
6/7/2017,12320763.65
7/7/2017,12400664.73
10/7/2017,12413980.9
11/7/2017,12404761.96
12/7/2017,12497981.73
13/7/2017,12518980.47
14/7/2017,12577371.86
17/7/2017,12575832.96
18/7/2017,12582492.75
19/7/2017,12650614.03
20/7/2017,12656248.45
21/7/2017,12644980.49
24/7/2017,12641906.1
25/7/2017,12672637.31
26/7/2017,12673150.79
27/7/2017,12661367.64
28/7/2017,12646517.68
31/7/2017,12639346.06
1/8/2017,12667516.42
2/8/2017,12673664.32
3/8/2017,12649079.36
4/8/2017,12672126.3
7/8/2017,12695686.72
8/8/2017,12664442.85
9/8/2017,12663929.38
10/8/2017,12485175.75
11/8/2017,12503614.45
14/8/2017,12627562.09
15/8/2017,12626028.25
16/8/2017,12648051.53
17/8/2017,12450858.31
18/8/2017,12431396.77
21/8/2017,12441127.54
22/8/2017,12571223.96
23/8/2017,12526151.21
24/8/2017,12496957.25
25/8/2017,12526151.21
28/8/2017,12526664.74
29/8/2017,12541004.58
30/8/2017,12600418.8
31/8/2017,12676224.35
1/9/2017,12694152.05
5/9/2017,12602981.3
6/9/2017,12646003.32
7/9/2017,12644466.95
8/9/2017,12629611.94
11/9/2017,12764319.89
12/9/2017,12807346.08
13/9/2017,12813489.81
14/9/2017,12809394.28
15/9/2017,12826636.72
18/9/2017,12853919.08
19/9/2017,12866785.4
20/9/2017,12871417.9
21/9/2017,12836932.14
22/9/2017,12839505.57
25/9/2017,12813253.58
26/9/2017,12820974.69
27/9/2017,12870904.42
28/9/2017,12886346.64
29/9/2017,12931643.87
2/10/2017,12987748.3
3/10/2017,13015544.19
4/10/2017,13030987.28
5/10/2017,13108196.84
6/10/2017,13093268.93
9/10/2017,13071649.43
10/10/2017,13106137.72
11/10/2017,13126727.67
12/10/2017,13107167.31
13/10/2017,13123123.88
16/10/2017,13140625.23
17/10/2017,13149890.23
18/10/2017,13162758.2
19/10/2017,13166361.17
20/10/2017,13234306.55
23/10/2017,13182831.28
24/10/2017,13205994.66
25/10/2017,13140625.23
26/10/2017,13157610.52
27/10/2017,13265189.4
30/10/2017,13215777.37
31/10/2017,13236363.15
1/11/2017,13253865.27
2/11/2017,13259013.83
3/11/2017,13303280.64
6/11/2017,13323869.78
7/11/2017,13314604.72
8/11/2017,13337251.28
9/11/2017,13288868.78
10/11/2017,13284747.29
13/11/2017,13297103.43
14/11/2017,13266219.76
15/11/2017,13199819.09
16/11/2017,13312029.64
17/11/2017,13272909.68
20/11/2017,13295557.83
21/11/2017,13382546.81
22/11/2017,13370710.85
24/11/2017,13401591.99
27/11/2017,13394902.94
28/11/2017,13530791.18
29/11/2017,13522555.72
30/11/2017,13640946.01
1/12/2017,13612634.95
4/12/2017,13596163.14
5/12/2017,13547263.82
6/12/2017,13549837.25
7/12/2017,13592560.17
8/12/2017,13666683.65
11/12/2017,13707859.34
12/12/2017,13732050.55
13/12/2017,13730508.36
14/12/2017,13674402.24
15/12/2017,13788274.83
18/12/2017,13875710.25
19/12/2017,13822421.3
20/12/2017,13815178.53
21/12/2017,13843633.66
22/12/2017,13840013.12
26/12/2017,13823455.89
27/12/2017,13830181.83
28/12/2017,13858636.95
29/12/2017,13806383.47
2/1/2018,13905197.43
3/1/2018,13993148.03
4/1/2018,14052128.33
5/1/2018,14145776.16
8/1/2018,14171641.16
9/1/2018,14203718.52
10/1/2018,14181988.46
11/1/2018,14285460.06
12/1/2018,14378589.36
16/1/2018,14329439.59
17/1/2018,14466020.61
18/1/2018,14441708.77
19/1/2018,14507411.61
22/1/2018,14625368.8
23/1/2018,14656414.15
24/1/2018,14650717.75
25/1/2018,14656928.51
26/1/2018,14826624
29/1/2018,14728324.4
30/1/2018,14577256.09
31/1/2018,14584498.85
1/2/2018,14567939.09
2/2/2018,14250799.23
5/2/2018,13654792.41
6/2/2018,13923827.13
7/2/2018,13848289.66
8/2/2018,13328855.78
9/2/2018,13529074.74
12/2/2018,13727743.11
13/2/2018,13761890.47
14/2/2018,13947621.32
15/2/2018,14125595.86
16/2/2018,14129734.1
20/2/2018,14041263.27
21/2/2018,13971420.5
22/2/2018,13989528.32
23/2/2018,14212514.4
26/2/2018,14377552.3
27/2/2018,14198027.17
28/2/2018,14054199.15
1/3/2018,13849841.89
2/3/2018,13921238.66
5/3/2018,14082139.09
6/3/2018,14117838.74
7/3/2018,14112663.39
8/3/2018,14180959.75
9/3/2018,14427739.19
12/3/2018,14409628.01
13/3/2018,14316503.71
14/3/2018,14243038.7
15/3/2018,14227516.05
16/3/2018,14242946.58
19/3/2018,14050233.46
20/3/2018,14074125.59
21/3/2018,14047115.48
22/3/2018,13695978.19
23/3/2018,13404053.15
26/3/2018,13770776.83
27/3/2018,13536511.85
28/3/2018,13496511.47
29/3/2018,13668967.21
2/4/2018,13373928.47
3/4/2018,13545340.46
4/4/2018,13690265.87
5/4/2018,13798309.69
6/4/2018,13490800.02
9/4/2018,13557288.63
10/4/2018,13772851.82
11/4/2018,13700654.23
12/4/2018,13813369.09
13/4/2018,13772851.82
16/4/2018,13886089.39
17/4/2018,14034647.95
18/4/2018,14045041.37
19/4/2018,13967123.1
20/4/2018,13848693.44
23/4/2018,13846615.05
24/4/2018,13660136.13
25/4/2018,13693901.5
26/4/2018,13833107.94
27/4/2018,13846095.69
30/4/2018,13739610.86
1/5/2018,13764024.1
2/5/2018,13671564.13
3/5/2018,13641436.93
4/5/2018,13818044.31
7/5/2018,13864795.78
8/5/2018,13864795.78
9/5/2018,13998807.6
10/5/2018,14129705.66
11/5/2018,14172818.93
14/5/2018,14179574.18
15/5/2018,14081916.25
16/5/2018,14141136.96
17/5/2018,14129187.96
18/5/2018,14093865.31
21/5/2018,14199828.21
22/5/2018,14160352.22
23/5/2018,14199310.5
24/5/2018,14170225.41
25/5/2018,14136459.22
29/5/2018,13973875.84
30/5/2018,14160352.22
31/5/2018,14073607.94
1/6/2018,14211780.61
4/6/2018,14279304.64
5/6/2018,14289697.17
6/6/2018,14409165.59
7/6/2018,14407605.78
8/6/2018,14450199.74
11/6/2018,14469420
12/6/2018,14488119.27
13/6/2018,14441886.32
14/6/2018,14478249.43
15/6/2018,14459776.36
18/6/2018,14430039.54
19/6/2018,14374730.89
20/6/2018,14399253.87
21/6/2018,14308986.17
22/6/2018,14335075.66
25/6/2018,14139932.35
26/6/2018,14171240.72
27/6/2018,14053842.25
28/6/2018,14134195.76
29/6/2018,14154541.9
2/7/2018,14184806.52
3/7/2018,14134713.46
5/7/2018,14250026.84
6/7/2018,14370554.11
9/7/2018,14499956.05
10/7/2018,14552129.98
11/7/2018,14445689.51
12/7/2018,14576654.6
13/7/2018,14588132.84
16/7/2018,14575089.74
17/7/2018,14634047.42
18/7/2018,14664836.44
19/7/2018,14609526.14
20/7/2018,14592827.32
23/7/2018,14619958.92
24/7/2018,14693532.85
25/7/2018,14818756.31
26/7/2018,14783798.85
27/7/2018,14683616.08
30/7/2018,14606917.52
31/7/2018,14678918.24
1/8/2018,14654396.97
2/8/2018,14734230.19
3/8/2018,14797363
6/8/2018,14851626.14
7/8/2018,14900675.39
8/8/2018,14894411.05
9/8/2018,14874064.9
10/8/2018,14774403.19
13/8/2018,14719099.58
14/8/2018,14813016.31
15/8/2018,14702402.46
16/8/2018,14821361.52
17/8/2018,14873542.15
20/8/2018,14905373.28
21/8/2018,14940329.04
22/8/2018,14931459.37
23/8/2018,14911632.57
24/8/2018,15001374.22
27/8/2018,15119815.63
28/8/2018,15127122.08
29/8/2018,15208516.82
30/8/2018,15146950.52
31/8/2018,15147469.93
4/9/2018,15121382.14
5/9/2018,15080683.1
6/9/2018,15035291.22
7/9/2018,15006070.41
10/9/2018,15032158.2
11/9/2018,15081725.21
12/9/2018,15085380.93
13/9/2018,15174601.48
14/9/2018,15177208.45
17/9/2018,15096855.82
18/9/2018,15178776.61
19/9/2018,15194951.02
20/9/2018,15318090.26
21/9/2018,15304092.24
24/9/2018,15253253.58
25/9/2018,15239103.1
26/9/2018,15193503.48
27/9/2018,15235954.98
28/9/2018,15237529.89
1/10/2018,15290469.45
2/10/2018,15281554.6
3/10/2018,15289941.7
4/10/2018,15170439.79
5/10/2018,15085530.04
8/10/2018,15085530.04
9/10/2018,15063516.81
10/10/2018,14586559.63
11/10/2018,14265266.37
12/10/2018,14463388.55
15/10/2018,14382146.26
16/10/2018,14696622.28
17/10/2018,14699246
18/10/2018,14486971.59
19/10/2018,14479113.94
22/10/2018,14414118.1
23/10/2018,14340741.87
24/10/2018,13906236.19
25/10/2018,14155723.07
26/10/2018,13906760.59
29/10/2018,13829714.36
30/10/2018,14034646.25
31/10/2018,14184550.19
1/11/2018,14335502.89
2/11/2018,14250591.43
5/11/2018,14329211.7
6/11/2018,14419884.89
7/11/2018,14728599.17
8/11/2018,14701864.67
9/11/2018,14558256.91
12/11/2018,14286232.45
13/11/2018,14259502.93
14/11/2018,14162015.91
15/11/2018,14309818.83
16/11/2018,14347031.35
19/11/2018,14104356.72
20/11/2018,13843341.32
21/11/2018,13890512.5
23/11/2018,13797741.7
26/11/2018,14020498.3
27/11/2018,14067668.6
28/11/2018,14391582.17
29/11/2018,14360134.73
30/11/2018,14447664.86
3/12/2018,14638969.79
4/12/2018,14164634.57
6/12/2018,14143145.8
7/12/2018,13814513.37
10/12/2018,13840721
11/12/2018,13843864.07
12/12/2018,13913574.48
13/12/2018,13908857.38
14/12/2018,13652033.86
17/12/2018,13384203.74
18/12/2018,13369527.15
19/12/2018,13169309.07
20/12/2018,12954939.57
21/12/2018,12689498.64
24/12/2018,12354203.95
26/12/2018,12978399.52
27/12/2018,13078038.62
28/12/2018,13061168.9
31/12/2018,13175569.24
2/1/2019,13189275.75
3/1/2019,12874542.58
4/1/2019,13305786.22
7/1/2019,13410697.02
8/1/2019,13536694.51
9/1/2019,13599957.98
10/1/2019,13647932.45
11/1/2019,13653205.8
14/1/2019,13569909.5
15/1/2019,13725431.06
16/1/2019,13758641.83
17/1/2019,13863026.52
18/1/2019,14047545.24
22/1/2019,13857754.05
23/1/2019,13886750.32
24/1/2019,13894129.68
25/1/2019,14011695.66
28/1/2019,13905202.48
29/1/2019,13886750.32
30/1/2019,14106591.69
31/1/2019,14230478.17
1/2/2019,14237333.95
4/2/2019,14337496.63
5/2/2019,14397600.23
6/2/2019,14378621.2
7/2/2019,14241552.62
8/2/2019,14258948.39
11/2/2019,14266856.33
12/2/2019,14450318.66
13/2/2019,14497236.86
14/2/2019,14465080.72
15/2/2019,14622708.25
19/2/2019,14648015.3
20/2/2019,14677537.68
21/2/2019,14625348.71
22/2/2019,14716023.55
25/2/2019,14736056.38
26/2/2019,14725513.03
27/2/2019,14719185.01
28/2/2019,14691768.64
1/3/2019,14783505.68
4/3/2019,14729730.05
5/3/2019,14709695.52
6/3/2019,14620602.29
7/3/2019,14498290.66
8/3/2019,14469296.04
11/3/2019,14679119.29
12/3/2019,14734473.12
13/3/2019,14832007.09
14/3/2019,14822512.55
15/3/2019,14895748.03
18/3/2019,14949758.19
19/3/2019,14953464.2
20/3/2019,14908454.37
21/3/2019,15076843.02
22/3/2019,14786668.85
25/3/2019,14775547.46
26/3/2019,14885687.2
27/3/2019,14807846.01
28/3/2019,14863973.88
29/3/2019,14957701.31
1/4/2019,15135088.65
2/4/2019,15142502.32
3/4/2019,15166329.99
4/4/2019,15206571.67
5/4/2019,15280174.09
8/4/2019,15291824.88
9/4/2019,15213455.94
10/4/2019,15265350.04
11/4/2019,15261112.93
12/4/2019,15364368.39
15/4/2019,15354304.21
16/4/2019,15364368.39
17/4/2019,15326772.23
18/4/2019,15356954.72
22/4/2019,15370188.82
23/4/2019,15508393.33
24/4/2019,15473975.38
25/4/2019,15464445.65
26/4/2019,15536459.77
29/4/2019,15560815.19
30/4/2019,15568758.31
1/5/2019,15451737.66
2/5/2019,15418375.26
3/5/2019,15569289.42
6/5/2019,15505218.42
7/5/2019,15246283.89
8/5/2019,15225105.02
9/5/2019,15179037.98
10/5/2019,15255289.21
13/5/2019,14871918.71
14/5/2019,15006415.51
15/5/2019,15094314.23
16/5/2019,15234107
17/5/2019,15135614.7
20/5/2019,15035540.85
21/5/2019,15171093.21
22/5/2019,15124496.72
23/5/2019,14939695.71
24/5/2019,14973585.86
28/5/2019,14834322.49
29/5/2019,14734778.04
30/5/2019,14775018.06
31/5/2019,14575922.46
3/6/2019,14538854
4/6/2019,14854444.15
5/6/2019,14983117.29
6/6/2019,15080545.69
7/6/2019,15231458.19
10/6/2019,15301352.9
11/6/2019,15297648.59
12/6/2019,15270644.36
13/6/2019,15333653.15
14/6/2019,15316711.4
17/6/2019,15322538.47
18/6/2019,15482979
19/6/2019,15517926.41
20/6/2019,15666188.41
21/6/2019,15643417.89
24/6/2019,15624262.96
25/6/2019,15471018.25
26/6/2019,15455587.78
27/6/2019,15510393.77
28/6/2019,15590206.9
1/7/2019,15731743.78
2/7/2019,15772715.96
3/7/2019,15898818.96
5/7/2019,15880727.94
8/7/2019,15793467.59
9/7/2019,15813151.97
10/7/2019,15888709.55
11/7/2019,15925953.91
12/7/2019,15997255.98
15/7/2019,16002573.74
16/7/2019,15950966.1
17/7/2019,15842416.32
18/7/2019,15900415.67
19/7/2019,15812088.07
22/7/2019,15850929.09
23/7/2019,15964267.17
24/7/2019,16039290.35
25/7/2019,15962670.52
26/7/2019,16069616.9
29/7/2019,16040352.55
30/7/2019,16000980.43
31/7/2019,15825923.59
1/8/2019,15688112.82
2/8/2019,15569989.72
5/8/2019,15101751.34
6/8/2019,15313521.39
7/8/2019,15322568.61
8/8/2019,15623195.71
9/8/2019,15516777.08
12/8/2019,15327889.72
13/8/2019,15566260.26
14/8/2019,15106005.2
15/8/2019,15145913.47
16/8/2019,15369389.64
19/8/2019,15554557.54
20/8/2019,15435368.89
21/8/2019,15560942.5
22/8/2019,15556152.55
23/8/2019,15156553.98
26/8/2019,15324163.61
27/8/2019,15264038.21
28/8/2019,15371520.74
29/8/2019,15567858.62
30/8/2019,15560942.5
3/9/2019,15469954.41
4/9/2019,15645545.7
5/9/2019,15846673.53
6/9/2019,15858914.1
9/9/2019,15866892.36
10/9/2019,15863167.96
11/9/2019,15975971.59
12/9/2019,16031310.33
13/9/2019,16020668.17
16/9/2019,15971183.29
17/9/2019,16011622.6
18/9/2019,16021199.27
19/9/2019,16020133.72
20/9/2019,15944443.73
23/9/2019,15940700.88
24/9/2019,15815619.83
25/9/2019,15909162.97
26/9/2019,15876021.7
27/9/2019,15790493.72
30/9/2019,15863727.55
1/10/2019,15675029.53
2/10/2019,15398137.98
3/10/2019,15524291.28
4/10/2019,15734367.5
7/10/2019,15666476.58
8/10/2019,15423260.74
9/10/2019,15569726.69
10/10/2019,15675029.53
11/10/2019,15837532.49
14/10/2019,15819893.78
15/10/2019,15976516.09
16/10/2019,15950858.88
17/10/2019,15997897.64
18/10/2019,15927872.27
21/10/2019,16035849.06
22/10/2019,15983462.34
23/10/2019,16029971.71
24/10/2019,16056165.07
25/10/2019,16121913.14
28/10/2019,16212783.97
29/10/2019,16207972.22
30/10/2019,16257688.34
31/10/2019,16214389.02
1/11/2019,16364599.53
4/11/2019,16430345.95
5/11/2019,16412171.09
6/11/2019,16415912.3
7/11/2019,16473645.22
8/11/2019,16514272.23
11/11/2019,16482732.67
12/11/2019,16517473.93
13/11/2019,16522821.83
14/11/2019,16546875.69
15/11/2019,16666615.54
18/11/2019,16678907.99
19/11/2019,16674099.59
20/11/2019,16612092.66
21/11/2019,16585363.21
22/11/2019,16622249.02
25/11/2019,16751074.62
26/11/2019,16789025.98
27/11/2019,16863864.8
29/11/2019,16801320.14
2/12/2019,16658597.03
3/12/2019,16546875.69
4/12/2019,16648973.48
5/12/2019,16678907.99
6/12/2019,16831254.64
9/12/2019,16778335.18
10/12/2019,16759625.87
11/12/2019,16807200.78
12/12/2019,16952063.39
13/12/2019,16962219.74
16/12/2019,17078749.48
17/12/2019,17082492.33
18/12/2019,17083561.23
19/12/2019,17153586.66
20/12/2019,17228792.43
23/12/2019,17255113.11
24/12/2019,17255650.96
26/12/2019,17347506.91
27/12/2019,17343207.82
30/12/2019,17247592.22
31/12/2019,17289490.88
2/1/2020,17451179.56
3/1/2020,17319036.69
6/1/2020,17385109.83
7/1/2020,17336226.37
8/1/2020,17428621.88
9/1/2020,17546796.86
10/1/2020,17496303.36
13/1/2020,17616629.59
14/1/2020,17589772.82
15/1/2020,17629521.88
16/1/2020,17776172.13
17/1/2020,17831502.52
21/1/2020,17796585.31
22/1/2020,17798731.51
23/1/2020,17819146.39
24/1/2020,17660677.8
27/1/2020,17377588.88
28/1/2020,17559690.8
29/1/2020,17545185.11
30/1/2020,17602127.26
31/1/2020,17282509.43
3/2/2020,17410894.35
4/2/2020,17676255.73
5/2/2020,17880382.63
6/2/2020,17940546.56
7/2/2020,17844929.26
10/2/2020,17978149.42
11/2/2020,18009305.34
12/2/2020,18125335.83
13/2/2020,18105996.6
14/2/2020,18135004.62
18/2/2020,18088269.06
19/2/2020,18174752.03
20/2/2020,18100089.1
21/2/2020,17913689.74
24/2/2020,17319572.85
25/2/2020,16794752.53
26/2/2020,16732980.19
27/2/2020,15981473.65
28/2/2020,15914324.92
2/3/2020,16603517.92
3/3/2020,16128120.55
4/3/2020,16806033.07
5/3/2020,16247372.83
6/3/2020,15978786.25
9/3/2020,14730931.32
10/3/2020,15493182.24
11/3/2020,14737914.41
12/3/2020,13327831.24
13/3/2020,14467176.63
16/3/2020,12884125.89
17/3/2020,13579765.94
18/3/2020,12892182.11
19/3/2020,12919577.55
20/3/2020,12362819.76
23/3/2020,12046724.47
24/3/2020,13138197.56
25/3/2020,13334878.89
26/3/2020,14113499.4
27/3/2020,13693119.06
30/3/2020,14137812.94
31/3/2020,13927084.12
1/4/2020,13300297.61
2/4/2020,13607207.44
3/4/2020,13410526.11
6/4/2020,14311259.68
7/4/2020,14325850.84
8/4/2020,14806745.27
9/4/2020,15032064.37
13/4/2020,14894819.89
14/4/2020,15334112.23
15/4/2020,15008290.34
16/4/2020,15080694.79
17/4/2020,15488104.12
20/4/2020,15215236.89
21/4/2020,14753252.81
22/4/2020,15080694.79
23/4/2020,15079612.5
24/4/2020,15289804.34
27/4/2020,15510259.71
28/4/2020,15438935.85
29/4/2020,15843103.23
30/4/2020,15695595.17
1/5/2020,15280076.92
4/5/2020,15322225.15
5/5/2020,15463790.58
6/5/2020,15358966.91
7/5/2020,15544300.67
8/5/2020,15801499.49
11/5/2020,15804739.73
12/5/2020,15489727.56
13/5/2020,15215778.04
14/5/2020,15397871.55
15/5/2020,15468655.97
18/5/2020,15939822.97
19/5/2020,15776101.96
20/5/2020,16044108.79
21/5/2020,15933340.79
22/5/2020,15963600.36
26/5/2020,16160278.34
27/5/2020,16400728.05
28/5/2020,16370470.18
29/5/2020,16443415.84
1/6/2020,16509874.26
2/6/2020,16646577.65
3/6/2020,16868117.01
4/6/2020,16823807.48
5/6/2020,17254992.49
8/6/2020,17463564.19
9/6/2020,17333343.04
10/6/2020,17236623.29
11/6/2020,16242951.42
12/6/2020,16437471.45
15/6/2020,16590925.55
16/6/2020,16910261.96
17/6/2020,16840018.74
18/6/2020,16846502.57
19/6/2020,16750226.86
22/6/2020,16857682.59
23/6/2020,16935289.19
24/6/2020,16503293.26
25/6/2020,16680216.53
26/6/2020,16284039.15
29/6/2020,16523373.08
30/6/2020,16735029.21
1/7/2020,16852255.91
2/7/2020,16945058.5
6/7/2020,17206646.89
7/7/2020,17029180.83
8/7/2020,17159428.82
9/7/2020,17061740.75
10/7/2020,17235953.13
13/7/2020,17086706.01
14/7/2020,17308134.8
15/7/2020,17467147.94
16/7/2020,17409621.06
17/7/2020,17460091.06
20/7/2020,17601197.42
21/7/2020,17638644.47
22/7/2020,17739045.09
23/7/2020,17527387.25
24/7/2020,17414504.89
27/7/2020,17541497.55
28/7/2020,17430243.68
29/7/2020,17644613.95
30/7/2020,17581658.79
31/7/2020,17720592.11
3/8/2020,17843788.33
4/8/2020,17912712.96
5/8/2020,18023966.89
6/8/2020,18144450.57
7/8/2020,18157476.87
10/8/2020,18211746.76
11/8/2020,18061415.59
12/8/2020,18313234.67
13/8/2020,18280125.25
14/8/2020,18280669.74
17/8/2020,18338741.12
18/8/2020,18378359.52
19/8/2020,18301836.86
20/8/2020,18358822.54
21/8/2020,18423945.74
24/8/2020,18610639.92
25/8/2020,18675764.77
26/8/2020,18863000.14
27/8/2020,18904243.68
28/8/2020,19026355.91
31/8/2020,18957431.23
1/9/2020,19135982.99
2/9/2020,19412765.62
3/9/2020,18744689.45
4/9/2020,18591642.49
8/9/2020,18083665.05
9/9/2020,18440770.17
10/9/2020,18120570.96
11/9/2020,18129795.78
14/9/2020,18368588.5
15/9/2020,18461394.44
16/9/2020,18388127.13
17/9/2020,18226399.85
18/9/2020,18016564.91
21/9/2020,17816048.55
22/9/2020,17997493.7
23/9/2020,17580114.08
24/9/2020,17626973.59
25/9/2020,17911947.33
28/9/2020,18209454.8
29/9/2020,18110283.94
30/9/2020,18247597.16
1/10/2020,18364745.13
2/10/2020,18190383.6
5/10/2020,18512953.49
6/10/2020,18249775.2
7/10/2020,18567442.88
8/10/2020,18731996.56
9/10/2020,18899276.13
12/10/2020,19203321.02
13/10/2020,19077998.74
14/10/2020,18958123.18
15/10/2020,18934694.25
16/10/2020,18923251.21
19/10/2020,18635553.29
20/10/2020,18710202.82
21/10/2020,18674784.64
22/10/2020,18777222.53
23/10/2020,18840973.51
26/10/2020,18492795
27/10/2020,18429040.66
28/10/2020,17799157.09
29/10/2020,17980057.74
30/10/2020,17792617.97
2/11/2020,17992046.98
3/11/2020,18309712.95
4/11/2020,18718919.97
5/11/2020,19083991.66
6/11/2020,19079632.23
9/11/2020,19319381.64
10/11/2020,19291047.13
11/11/2020,19434351.62
12/11/2020,19245821.16
13/11/2020,19512269.89
16/11/2020,19755834.17
17/11/2020,19649579.7
18/11/2020,19413100.73
19/11/2020,19494833.87
20/11/2020,19361337.29
23/11/2020,19477396.21
24/11/2020,19791249
25/11/2020,19760736.4
27/11/2020,19815770.28
30/11/2020,19728044.16
1/12/2020,19943816.79
2/12/2020,19985774.09
3/12/2020,19980325.61
4/12/2020,20152507.46
7/12/2020,20111096.36
8/12/2020,20169945.12
9/12/2020,19989042.77
10/12/2020,19982503.65
11/12/2020,19959073.07
14/12/2020,19869713.41
15/12/2020,20138340.18
16/12/2020,20169945.12
17/12/2020,20282735.36
18/12/2020,20201747.7
21/12/2020,20129515.8
22/12/2020,20095588.76
23/12/2020,20113648
24/12/2020,20191898.02
28/12/2020,20365363.2
29/12/2020,20326510.44
30/12/2020,20355511.76
31/12/2020,20458934.78
4/1/2021,20180408.04
5/1/2021,20319396.63
6/1/2021,20440875.54
7/1/2021,20744577.03
8/1/2021,20862773.8
11/1/2021,20722141.62
12/1/2021,20726517.79
13/1/2021,20782334.05
14/1/2021,20709554.24
15/1/2021,20558526.17
19/1/2021,20719951.83
20/1/2021,21006688.12
21/1/2021,21025839.7
22/1/2021,20951419.71
25/1/2021,21034049.2
26/1/2021,21001216.2
27/1/2021,20487936.15
28/1/2021,20664137.27
29/1/2021,20250450.21
1/2/2021,20587529.19
2/2/2021,20878641.61
3/2/2021,20895057.25
4/2/2021,21132544.85
5/2/2021,21215720.54
8/2/2021,21368938.4
9/2/2021,21354710.83
10/2/2021,21345407.29
11/2/2021,21379882.18
12/2/2021,21485493.28
16/2/2021,21466887.9
17/2/2021,21471813.57
18/2/2021,21380430.08
19/2/2021,21342671.36
22/2/2021,21178509.72
23/2/2021,21204228.91
24/2/2021,21437884.88
25/2/2021,20921322.64
26/2/2021,20813523.45
1/3/2021,21318047.86
2/3/2021,21151698.13
3/3/2021,20871527.8
4/3/2021,20613246.68
5/3/2021,20992460.56
8/3/2021,20887943.45
9/3/2021,21186171.37
10/3/2021,21318047.86
11/3/2021,21534194.08
12/3/2021,21563195.46
15/3/2021,21691789.82
16/3/2021,21664428.68
17/3/2021,21738302.53
18/3/2021,21422017.07
19/3/2021,21382380.23
22/3/2021,21553117.83
23/3/2021,21383477.62
24/3/2021,21274775.39
25/3/2021,21394458.24
26/3/2021,21739229.02
29/3/2021,21728248.4
30/3/2021,21670604.26
31/3/2021,21758442.64
1/4/2021,21993413.74
5/4/2021,22309087.67
6/4/2021,22295912.26
7/4/2021,22321715.23
8/4/2021,22427671.48
9/4/2021,22590723.99
12/4/2021,22598960.33
13/4/2021,22665936.46
14/4/2021,22588529.2
15/4/2021,22831185.45
16/4/2021,22907497.01